{"cameraMode":{"drawMode":0,"name":"Shaded","section":"Shading Mode"},"sceneLighting":false,"audioPlay":false,"sceneViewState":{"showFog":true,"showMaterialUpdate":false,"showSkybox":false,"showFlares":true,"showImageEffects":true,"showParticleSystems":true},"in2DMode":false,"pivot":{"x":1.309999942779541,"y":0.7525396347045898,"z":1.850000023841858},"rotation":{"x":0.07380988448858261,"y":-0.3678968846797943,"z":0.0293095912784338,"w":0.9264693856239319},"size":1.6245511770248414,"orthographic":true}