{"cameraMode":{"drawMode":0,"name":"Shaded","section":"Shading Mode"},"sceneLighting":false,"audioPlay":false,"sceneViewState":{"showFog":true,"showMaterialUpdate":false,"showSkybox":false,"showFlares":true,"showImageEffects":true,"showParticleSystems":true},"in2DMode":false,"pivot":{"x":-0.22500014305114747,"y":0.75,"z":-3.0949997901916506},"rotation":{"x":0.06996022909879685,"y":-0.1164434626698494,"z":0.008222565986216069,"w":0.9906979203224182},"size":2.457895517349243,"orthographic":true}