{"cameraMode":{"drawMode":0,"name":"Shaded","section":"Shading Mode"},"sceneLighting":false,"audioPlay":false,"sceneViewState":{"showFog":true,"showMaterialUpdate":false,"showSkybox":false,"showFlares":true,"showImageEffects":true,"showParticleSystems":true},"in2DMode":false,"pivot":{"x":4.71999979019165,"y":0.8560000061988831,"z":1.5},"rotation":{"x":0.039427708834409717,"y":-0.34353405237197878,"z":0.01443710457533598,"w":0.9382027983665466},"size":1.3128894567489625,"orthographic":true}