{"cameraMode":{"drawMode":0,"name":"Shaded","section":"Shading Mode"},"sceneLighting":false,"audioPlay":false,"sceneViewState":{"showFog":true,"showMaterialUpdate":false,"showSkybox":false,"showFlares":true,"showImageEffects":true,"showParticleSystems":true},"in2DMode":false,"pivot":{"x":0.0,"y":0.03999999910593033,"z":-0.019999999552965165},"rotation":{"x":0.1568489521741867,"y":0.0029628637712448837,"z":-0.00047054834431037307,"w":0.9876182079315186},"size":0.09380831569433212,"orthographic":true}