{"cameraMode":{"drawMode":0,"name":"Shaded","section":"Shading Mode"},"sceneLighting":true,"audioPlay":false,"sceneViewState":{"showFog":true,"showMaterialUpdate":false,"showSkybox":true,"showFlares":true,"showImageEffects":true,"showParticleSystems":true},"in2DMode":false,"pivot":{"x":-69.40135955810547,"y":22.991239547729493,"z":0.0},"rotation":{"x":7.62987156122108e-7,"y":-0.000006702871360175777,"z":2.7161482307747067e-7,"w":0.9999999403953552},"size":136.20982360839845,"orthographic":true}