{"cameraMode":{"drawMode":0,"name":"Shaded","section":"Shading Mode"},"sceneLighting":false,"audioPlay":false,"sceneViewState":{"showFog":true,"showMaterialUpdate":false,"showSkybox":false,"showFlares":true,"showImageEffects":true,"showParticleSystems":true},"in2DMode":false,"pivot":{"x":-0.33202362060546877,"y":0.687393069267273,"z":-0.3740234375},"rotation":{"x":9.445770388083475e-9,"y":-0.0030000985134392978,"z":-1.929968185265807e-9,"w":0.9999959468841553},"size":1.1208521127700806,"orthographic":true}