{"cameraMode":{"drawMode":0,"name":"Shaded","section":"Shading Mode"},"sceneLighting":false,"audioPlay":false,"sceneViewState":{"showFog":true,"showMaterialUpdate":false,"showSkybox":false,"showFlares":true,"showImageEffects":true,"showParticleSystems":true},"in2DMode":false,"pivot":{"x":-0.33202362060546877,"y":0.687393069267273,"z":-0.3740234375},"rotation":{"x":0.039427708834409717,"y":-0.34353405237197878,"z":0.01443710457533598,"w":0.9382027983665466},"size":1.7406489849090577,"orthographic":true}