{"cameraMode":{"drawMode":0,"name":"Shaded","section":"Shading Mode"},"sceneLighting":false,"audioPlay":false,"sceneViewState":{"showFog":true,"showMaterialUpdate":false,"showSkybox":false,"showFlares":true,"showImageEffects":true,"showParticleSystems":true},"in2DMode":false,"pivot":{"x":0.42279052734375,"y":-1.1083984375,"z":-1.1533203125},"rotation":{"x":0.36471226811408999,"y":-0.027927493676543237,"z":0.010944650508463383,"w":0.9306374192237854},"size":7.889318943023682,"orthographic":true}