{"cameraMode":{"drawMode":0,"name":"Shaded","section":"Shading Mode"},"sceneLighting":false,"audioPlay":false,"sceneViewState":{"showFog":true,"showMaterialUpdate":false,"showSkybox":false,"showFlares":true,"showImageEffects":true,"showParticleSystems":true},"in2DMode":false,"pivot":{"x":0.93896484375,"y":-0.4531024694442749,"z":-0.10232692211866379},"rotation":{"x":0.02391722984611988,"y":0.08178310841321945,"z":-0.0019631872419267895,"w":0.9963617920875549},"size":3.5475146770477297,"orthographic":true}