{"cameraMode":{"drawMode":0,"name":"Shaded","section":"Shading Mode"},"sceneLighting":false,"audioPlay":false,"sceneViewState":{"showFog":true,"showMaterialUpdate":false,"showSkybox":false,"showFlares":true,"showImageEffects":true,"showParticleSystems":true},"in2DMode":false,"pivot":{"x":2.859999895095825,"y":0.8960000276565552,"z":-0.21299999952316285},"rotation":{"x":0.07380988448858261,"y":-0.3678968846797943,"z":0.0293095912784338,"w":0.9264693856239319},"size":1.1902656555175782,"orthographic":true}