{"cameraMode":{"drawMode":0,"name":"Shaded","section":"Shading Mode"},"sceneLighting":false,"audioPlay":false,"sceneViewState":{"showFog":true,"showMaterialUpdate":false,"showSkybox":false,"showFlares":true,"showImageEffects":true,"showParticleSystems":true},"in2DMode":false,"pivot":{"x":1.6349053382873536,"y":-1.2856345176696778,"z":1.913045883178711},"rotation":{"x":0.19495859742164613,"y":-0.13050328195095063,"z":0.026182711124420167,"w":0.9717382192611694},"size":8.572254180908204,"orthographic":false}