{"cameraMode":{"drawMode":0,"name":"Shaded","section":"Shading Mode"},"sceneLighting":false,"audioPlay":false,"sceneViewState":{"showFog":true,"showMaterialUpdate":false,"showSkybox":false,"showFlares":true,"showImageEffects":true,"showParticleSystems":true},"in2DMode":false,"pivot":{"x":-7.456019401550293,"y":-2.2114980220794679,"z":0.9449998736381531},"rotation":{"x":0.1568489521741867,"y":0.0029628637712448837,"z":-0.00047054834431037307,"w":0.9876182079315186},"size":3.885233163833618,"orthographic":true}