{"cameraMode":{"drawMode":0,"name":"Shaded","section":"Shading Mode"},"sceneLighting":false,"audioPlay":false,"sceneViewState":{"showFog":true,"showMaterialUpdate":false,"showSkybox":false,"showFlares":true,"showImageEffects":true,"showParticleSystems":true},"in2DMode":false,"pivot":{"x":0.228057861328125,"y":1.1177978515625,"z":-1.3056640625},"rotation":{"x":0.01499901618808508,"y":0.007499112747609615,"z":-0.00011250449460931122,"w":0.999860405921936},"size":1.413282036781311,"orthographic":true}