{"cameraMode":{"drawMode":0,"name":"Shaded","section":"Shading Mode"},"sceneLighting":false,"audioPlay":false,"sceneViewState":{"showFog":true,"showMaterialUpdate":false,"showSkybox":false,"showFlares":true,"showImageEffects":true,"showParticleSystems":true},"in2DMode":false,"pivot":{"x":-2.5828857421875,"y":-4.74603271484375,"z":-0.5556640625},"rotation":{"x":-0.041970718652009967,"y":-0.028470920398831369,"z":-0.00119631492998451,"w":0.9987144470214844},"size":3.4245381355285646,"orthographic":true}