{"cameraMode":{"drawMode":0,"name":"Shaded","section":"Shading Mode"},"sceneLighting":false,"audioPlay":false,"sceneViewState":{"showFog":true,"showMaterialUpdate":false,"showSkybox":false,"showFlares":true,"showImageEffects":true,"showParticleSystems":true},"in2DMode":false,"pivot":{"x":-1.548323780298233e-8,"y":2.314336597919464e-7,"z":-0.0019910656847059728},"rotation":{"x":0.05205495283007622,"y":0.9268445372581482,"z":-0.1400788575410843,"w":0.34442564845085146},"size":0.004675301723182201,"orthographic":true}