{"cameraMode":{"drawMode":0,"name":"Shaded","section":"Shading Mode"},"sceneLighting":false,"audioPlay":false,"sceneViewState":{"showFog":true,"showMaterialUpdate":false,"showSkybox":false,"showFlares":true,"showImageEffects":true,"showParticleSystems":true},"in2DMode":false,"pivot":{"x":0.18121337890625,"y":1.4755859375,"z":-0.512451171875},"rotation":{"x":0.15773212909698487,"y":-0.08579427748918534,"z":0.013757430016994477,"w":0.9836522936820984},"size":2.1007232666015627,"orthographic":true}